Store Name,Ownership Type,Address Line 1,Address Line 2,City,Province/State,Postal Code,Latitude,Longitude
KFC Agra New,Franchisee,"Plot No. - 2022, Basai Mustquil, Fatehabad Road",Opp. Indra Hospital,Agra,U P,125120,27.1575459,78.0502244
KFC Railway Station-Agra,Franchisee,"KFC Restaurant, Agra Canteen",Agra Canteen Railway Station,Agra,U P,282001,27.159083,77.99063
"KFC Alpha One Mall, Ahemdabad",Franchisee,"Alpha 1 Mall ,TP No. 1, FP No. - 216,Food Court",Vastrapur Lake,Ahmedabad,Gujarat,380054,23.0400083,72.5313642
KFC RBD CG Road,Franchisee,"3rd Eye Bulding No.2,","CG Road, Panchavati,",Ahmedabad,Gujarat,380009,23.0401434,72.5663511
KFC RBD Prahlad Nagar,Franchisee,"Shop No.13-G.F., Pushpak Hills,","Prahlad Nagar, Vejalpur",Ahmedabad,Gujarat,380015,23.0120338,72.510754
KFC Aizwal,Franchisee,"G-39,","CHANMARI,",Aizwal,Mizoram,796007,23.740738,92.7172255
KFC DT Alleppey,Company,"KFC Restaurant, Re Sy Block No : 197,  Re Sy No : 28","Opp SD College, Ambalapuzha Taluk, Allapuzha Ward, Vadakya",Alapuzha,Kerala,688003,9.4691337,76.3383491
"KFC P Square mall, Allahabad",Franchisee,"229/71, P Square Mall,M G road,civil lines",Civil lines bus stand,Allahabad,U P,122001,25.4494306,81.8395933
"KFC Trillium Mall, Amritsar",Franchisee,"KFC Restaurant, Trillium mall,","circular road, Opp basant avenue, Amritsar",Amritsar,Punjab,143001,31.6587371,74.8786785
KFC RBD Amritsar,Franchisee,"35B/36/13,The Mall Lawrence Road",Aventura Mall,Amritsar,Punjab,143001,31.6421787,74.8711893
KFC Asansol,Franchisee,"Shop No-1,Galaxy Mall,","Chitra More, Asansol",Asansol,West Bengal,713304,23.685034,86.941659
KFC Prozone,Franchisee,"KFC Prozone Mall Unit # R - 6 ,First Floor Prozone Mall, Plot No.",Chikalthana Industrial Estate,Aurangabad,Maharashtra,431 210,19.8765174,75.3721333
KFC CMH Road,Company,"No 1/1A (CMH Road),",Indira Nagar,Bangalore,Karnataka,560056,12.978213,77.640603
KFC RBD Forum,Company,The Forum Mall Unit 18 & 19 Hosur road,Koramangala,Bangalore,Karnataka,560034,12.9342708,77.6108754
KFC Commercial Street,Company,"No 63,64",Commercial street,Bangalore,Karnataka,560001,12.982515,77.607625
KFC Bangalore-Mysore Highway-DT,Company,"Survey no 180,67th KM Milestone, Mudugere Village, Mallur Hobli","Chennapatna, Bangalore-Mysore Highway",Bangalore,Karnataka,562160,12.613227,77.0704433
KFC RBD Jayanagar,Company,#49/40/1 32nd C Cross,11th Main 4th Blk Jayanagar,Bangalore,Karnataka,560011,12.9266751,77.5863439
KFC RBD Basaveshwar Nagar,Company,#729 Modi hospital Junction,"Modi hospital road 2nd stage,Bashveshwar Nagar",Bangalore,Karnataka,560086,12.9973297,77.546505
KFC RBD Chandra Layout,Company,"# 96, Ground floor, Chandra Layout main road",Next to HP Petrol pump,Bangalore,Karnataka,560040,12.9610378,77.5281305
KFC RBD Bommasandra,Company,No. 55 Bommasandra Village,"Attibele Hobli,  Opp. SKF, Anekal Taluk",Bangalore,Karnataka,560099,12.8223465,77.6863325
KFC RBD Arch Mall,Company,"Gopalan Arch Mall Shop No12,","Nayandahalli Village,Kengeri Hobli,Raja Rajeshwari Nagar Opp The Club Mysore Road",Bangalore,Karnataka,560039,12.9360137,77.5175503
KFC RBD JP Nagar,Company,"948,24th Main Road, 2nd Phase,",J P Nagar,Bangalore,Karnataka,560078,12.9151762,77.5858067
KFC RBD Electronic City,Company,"No.56, Survey No. 66, opp to Wipro gate 5","Electronic city phase -1, Next to hotel Svenska",Bangalore,Karnataka,560100,12.83957,77.659309
KFC RBD Total Mall,Company,KFC total mall,"(Old kempfort)Municipal corp#97, Old Airport Road",Bangalore,Karnataka,560017,12.9566733,77.6648024
"KFC Ascendas Park Square Mall , Bangalore",Company,"4th floor, Ascendas Park Sq Mall,Food Court","International Tech Park, White Fields Main Road,",Bangalore,Karnataka,560066,12.987153,77.7364991
KFC RBD Forum Value Mall,Company,"KFC Restaurant, Forum Value Mall","No. 62,Whitefield Main Road",Bangalore,Karnataka,560066,12.9595894,77.7473457
KFC RBD Hypercity,Company,"Hyper City, Survey No. 6/2 and 6/3 situated at Kundalahalli Gate","Thoobarahalli Village, Arthur Hobli, SouthTaluk",Bangalore,Karnataka,560037,12.9689968,77.7208853
"KFC Inorbit Mall Food Court, Bangalore",Company,"# 27, Inorbit Mall, 1st floor Food Court, Adjacent to Satya Saibaba Cancer Hospital.",White Field,Bangalore,Karnataka,560066,12.9790419,77.72899
KFC McGrath Garuda Mall,Company,"Municipal # CTS 15,17,18,27, 4th floor",Mc Grath Rd,Bangalore,Karnataka,560025,12.9699899,77.6096167
KFC Elements Mall,Company,"KFC, Restaurant, 4th Floor, Food Court,","Elements Mall, Nagvara Village, Thanisandra Main Road",Bangalore,Karnataka,560077,13.0455813,77.6265826
KFC Mantri Mall,Company,"Mantri Mall Shop No UG30,Municipal No1,11 main Road","Sampige Road Malleswaran,",Bangalore,Karnataka,560010,12.9914384,77.5705984
KFC Mantri Mall Food Court,Company,Mantri Mall Shop Food court store shop no FC 02 & 03,"Municipal no 1,11 Main road Malleswaran",Bangalore,Karnataka,560010,12.9914384,77.5705984
KFC Central III Food Court,Company,"Central-III,Survey No 5/78/7, 78/8 & 89/6","Bellandur Village,Varthu Hobli",Bangalore,Karnataka,560034,12.9261483,77.6752883
KFC SJR Koramangala,Company,"SJR Koramangala,Shop No :13,16 & 17, Egipura village","Intermediate Ring Road, Koramangala",Bangalore,Karnataka,560095,12.9376195,77.6270145
KFC RBD Total Mall-Sarjapur,Company,"KFC- Total Mall, Sarjapur","Kikondarahalli,Varthur Hobli,Sarjapura Main Road,",Bangalore,Karnataka,560035,12.9202557,77.66868131
KFC RBD HSR Layout,Company,"Gound & First Floor,Plot No.30, HSR Layout, Sector-4,","14th Main Road, Opp-BDA Complex",Bangalore,Karnataka,560094,12.9132573,77.6383926
KFC RBD New Bel Road,Company,"No,117 shop # 1 AEGS layout",NEW BEL road,Bangalore,Karnataka,560054,13.0321418,77.5700212
KFC Vaishnavi Mall,Company,"No 9/36, KFC Restaurant, Vaishnavi Sapphire","Tumkur Road, Next to Yeshwanthpur Railway Station, Yeshwanthpur",Bangalore,Karnataka,560022,13.0242983,77.5489312
KFC RBD RT Nagar,Company,"#177,RT Nagar Main Road, Matadahalli",Opposite BATA Showroom,Bangalore,Karnataka,560034,13.0195139,77.5922376
KFC RBD Mosque Road,Company,"Shop No 1,Nulyne Avenue","16,Mosque Road Fraser Town",Bangalore,Karnataka,560005,12.9978732,77.6148201
KFC RBD Cunningham Road,Company,"Site # 14, Ground Floor","HM Geneva House,Cunningham road",Bangalore,Karnataka,560052,12.9885765,77.5940417
KFC RBD Manyata Tech Park FC,Company,"Manyata Tech Park,","2nd Floor, Classic Court, Richmond Road,",Bangalore,Karnataka,560025,13.0449762,77.6210368
KFC Royal Meenakshi Mall,Company,"#121, Door NO. 226, 1st floor ,Royal Meenakshi  Mall","Opp. to Meenakshi Temple,Bannerghatta Road",Bangalore,Karnataka,560076,12.8759179,77.595706
KFC RBD Bannerghatta,Company,"Bannergatta Road, Meu Square",No: 174/1 Bannerghatta,Bangalore,Karnataka,560076,12.9047208,77.60168
KFC Rockline Mall (Peenya),Company,"Ground and first flr, survey No.8, Chokkasandra village,","Tumkur Road, Jalahalli cross,",Bangalore,Karnataka,560057,13.0405344,77.5183282
KFC RBD Gandhi Bazar,Company,"79/1, Aishwarya Sampurna Vani Vilas Road","Basavangudi,",Bangalore,Karnataka,560004,12.94789,77.568897
KFC RBD Banashankari,Company,"KFC Restaurant,#1,","80 Ft Road, 6th Block,3rd Stage,Banashankari",Bangalore,Karnataka,560 085,12.9264874,77.5510724
KFC RBD EGL,Company,Eastern Golf Links Pyramid Food Court,Intermediate Ring Rd Domlur,Bangalore,Karnataka,560071,12.9491716,77.6447288
KFC More Marathalli,Company,"KBR Mall Survey # 88,","Outer ring road, Marathalli.",Bangalore,Karnataka,560037,12.9480362,77.698786
"KFC Total Mall, Madivala",Company,Total Mall - Madivala,Madivala,Bangalore,Karnataka,560034,12.9219087,77.6202992
KFC RBD Kammanahalli,Company,"KFC Restaurant, 4M-403, Ground Floor","80 Ft Kammanahalli Main Rd, HRBR 3rd Blk, Kalyan Nagar",Bangalore,Karnataka,560043,13.0231041,77.6371109
"KFC Phoenix Market City,Bangalore",Company,"Unit No.UG-35 B, Upper Ground  Floor, Phoenix Market City,","Mahadevpura, Nr. Krishnarajapuram flyover",Bangalore,Karnataka,560048,12.996372,77.696663
"KFC Phoenix Market City FC,Bangalore",Company,"Unit No.UG-35 B, 2nd Floor, Phoenix Market City,","Mahadevpura, Nr. Krishnarajapuram flyover",Bangalore,Karnataka,560048,12.996372,77.696663
KFC Signature Mall,Company,"NO. GS-11, GS-12, GS-13 at Signature Tower, #6, Nagavara Palya,","C.V. Raman Nagar, Old Madras Road,",Bangalore,Karnataka,560038,12.9929396,77.6616303
"KFC Phoenix United Mall, Bareilly",Franchisee,"2,3  Gr Flr Phoenix United Mall",Bareilly Pilibhit bypass Rd,Bareilly,U P,243006,28.3949114,79.456982
KFC RBD Belgaum,Company,"5434, #1, JNMC Campus, Dr. B.R  Ambedkar Road",Neharu Nagar,Belgaum,Karnataka,580001,15.8845183,74.51899
KFC Bengaluru Airport,Franchisee,Main Terminal Building,Opposite departure gate 15,Bengaluru,Karnataka,560300,12.9589893,77.6569569
KFC RMZ Ecoworld,Franchisee,RMZ Ecoworld 8A The Bay Market,Devarabeesanahalli Village Marathalli,Bengaluru,Karnataka,560103,12.9195451,77.684809
KFC Bathinda Drive thru,Franchisee,"Bhuchan Kalan, Tehsil- Nathana,","Barnala Road,",Bhatinda,Punjab,151001,30.2228149,75.0627163
KFC Treasure Island Mall,Franchisee,"Ground floor, Surya Treasure Island Mall","Near Apollo BSR Hospital, Junwani Road",Bhillai,Chattisgarh,429023,21.2184108,81.3225657
"KFC DB City Mall, Bhopal",Franchisee,"3rd floor DB City Mall, Khasra No 1509 and 1511,","Sanjay Nagar,Arera Hills,",Bhopal,Madhya Pradesh,462011,23.23251788,77.43003141
"KFC Pal Heights, Bhubaneswar",Franchisee,"KFC Restaurant, Pal Heights Mall",Plot No. J/7 Jaidev Vihar,Bhubaneswar,Orrisa,751013,20.2986319,85.823157
KFC Janpath,Franchisee,"# 6 Janpath, Unit - 3,","Kharbal Nagar, Oppo. Ram Mandir",Bhubaneswar,Orrisa,751001,20.2770186,85.843892
KFC RBD Holiday City Centre,Franchisee,"Holiday City Centre, Bank Road,","Opp. Kurusupally, Kozhikode,",Calicut,Kerala,673001,11.2597716,75.7807462
KFC Hilite,Franchisee,"Holiday City Centre, Bank Road,","Opp. Kurusupally, Kozhikode,",Calicut,Kerala,673001,11.2597716,75.8245037
KFC RBD Neelam The Grand,Company,"KFC Restaurant, Neelam’s The Grand","Post Office Road, Bardez",Calungute,Goa,403516,15.5442782,73.765692
KFC Elante Chandigarh,Franchisee,"303, Third floor, Elante reality","Industrial area, Phase 1",Chandigarh,Punjab,160101,30.7055854,76.8011265
KFC Chandigarh Sec 34,Franchisee,Piccadily mall,"Sector 34,",Chandigarh,Punjab,160034,30.7235135,76.7676531
KFC RBD Chandigarh Sec 8,Franchisee,"SCO 1,2,3, Sector 8C",Madhya Marg,Chandigarh,Punjab,160018,30.7402428,76.792532
KFC Chandigarh 35C,Franchisee,KFC Sector 35 C Market,S.C.O 425-426,Chandigarh,Punjab,160008,30.7224937,76.7614538
KFC Velacherry,Franchisee,"# 185, 3rd cross street,Tambaram main road,","Vijaya Nagar, Velachery,",Chennai,Tamil Nadu,600 042,12.9724833,80.2192469
KFC Koyembedu,Franchisee,"Gound Floor, situated at #239,","Jawahar Lal Nehru Salai, Koyembedu",Chennai,Tamil Nadu,600107,13.072194,80.202587
KFC Mogappair,Franchisee,# 1/1C Kambar Str,Mugapair (W),Chennai,Tamil Nadu,600037,13.0942257,80.16841876
KFC Forum Vijaya Mall,Franchisee,"KFC Restaurant, Vijaya Forum Mall","# 183 - 188, TS 5/3, Arcot Road, Vadapalani",Chennai,Tamil Nadu,26,13.05119787,80.20930812
KFC Perambur,Franchisee,No 10 Peravallur 70 Feet Rd,Periyar Ngr,Chennai,Tamil Nadu,600082,13.1170395,80.2279532
KFC RBD Nungambakkam,Franchisee,"No 81,Swasthik Complex",Nungambakkam High Road,Chennai,Tamil Nadu,600034,13.0617902,80.2456182
KFC Chennai Domestic Airport,Franchisee,"KFC, Domestic Airport, Chennai","Second Floor, SHA",Chennai,Tamil Nadu,600027,12.98426,80.167418
KFC ECR,Franchisee,"No-1/174,East Coast Road,",Kottivakkam,Chennai,Tamil Nadu,600041,12.967983,80.257388
KFC OMR,Franchisee,"#180 & 181, Raju Nagar Opp. To AKDR Golf village","Okkiyam, Thoraipakkam ,OMR",Chennai,Tamil Nadu,600197,12.935219,80.233835
KFC Express Avenue,Franchisee,"Express Avenue,No.49/50 L ,3rd Floor, Food Court","Whites Road,Royapettah",Chennai,Tamil Nadu,600014,13.058464,80.264453
KFC T Nagar,Franchisee,"Plot No. 18, Thiyagaraya Road","T. Nagar,",Chennai,Tamil Nadu,600017,13.0397672,80.24186886
KFC Santhome,Franchisee,"No. 55 A ,Ground Floor ,Opp Nilgiris",Santhome High road,Chennai,Tamil Nadu,600028,13.026319,80.275503
"KFC Citi Centre Mall,Chennai",Franchisee,"Shop No T-2 Citi Centre, Dr. Radha Krishnan Salai",Mylapore,Chennai,Tamil Nadu,600114,13.04294736,80.27390906
KFC Ampa Mall,Franchisee,Ampa Skywalk Mall,"Shop No-4,1,Nelson manikam Road 627,Poonamalee High Road",Chennai,Tamil Nadu,600029,13.07391027,80.221594
KFC RBD Besant Nagar,Franchisee,"#H-136/1, H-136/2 6th Avenue, Elliot’s Beach",Besant Nagar,Chennai,Tamil Nadu,600190,13.0005435,80.270836
KFC Keelkattalai,Franchisee,# 32A Medavakkam Main Rd,Keelkattalai,Chennai,Tamil Nadu,600117,12.9532537,80.1868165
KFC Ashok Nagar,Franchisee,Old No 96 & 97 New No 43 & 44,11th Ave Ashok Ngr,Chennai,Tamil Nadu,600083,13.0316,80.2115357
KFC Chrompet,Franchisee,"# 5, GST Road","Tambaram, Sanatorium",Chennai,Tamil Nadu,600047,12.9433075,80.134319
KFC Porur,Franchisee,"No 1/445,Ground Floor,Mount Poonamallee road,","Opp.Ramachandra Hospital,Porur",Chennai,Tamil Nadu,600116,13.0366827,80.1404269
KFC Poonamalle-DT,Franchisee,"Plot No-46,Survey number 89/2B, Madavilagam Nazarethpattai, Ponnamalle",Chennai-Bangalore Highway,Chennai,Tamil Nadu,600057,13.0452362,80.07028788
KFC Phoenix Market City,Franchisee,"KFC Restaurant, 11/F, 3rd floor","Phoenix Market city, Velachery main road Velachery",Chennai,Tamil Nadu,600042,12.991511,80.216695
KFC Anna Nagar,Franchisee,"Plot no 995-J, new no 172","2nd Avenue,Anna Nagar",Chennai,Tamil Nadu,600040,13.08539677,80.20410731
KFC Manapakkam,Franchisee,"Old survey # 32/21, Manapakkam Village,","Mount Poonamali high road,",Chennai,Tamil Nadu,600125,13.0205017,80.1842321
KFC Selaiyur,Franchisee,"No.208 A, Velachery Main Road,",Selaiyur,Chennai,Tamil Nadu,600073,12.943477,80.134387
KFC Chennai Domestic Airport,Franchisee,"KFC, Domestic Airport, Chennai","Second Floor, SHA",Chennai,Tamil Nadu,600027,13.072136,80.202573
KFC Chennai Domestic Airport,Franchisee,"KFC, Domestic Airport, Chennai","Second Floor, SHA",Chennai,Tamil Nadu,600027,12.994112,80.170867
KFC Lulu Mall,Company,50/2392 Lulu International Shopping Mall,NH 47 Edappally,Cochin,Kerala,682024,10.0280625,76.3079989
KFC Central Square,Company,"Centre Square Mall, Next to hotel Abad Plaza","Rajaji Road Junction, Opp: Muthoot tower, M.G Road",Cochin,Kerala,682035,9.9779575,76.2832105
KFC RBD Gold Souk,Company,"Gold Souk Grande,gr flr Edapalli by pass road","Ponnurunni Village, Poonithura",Cochin,Kerala,,9.977706,76.31693
KFC Brookefields,Franchisee,"Shop no - T 10,3rd Floor","Brookefields Estates , 67/71.Krishnasamy Road",Coimbatore,Tamil Nadu,641001,11.0089152,76.9594451
KFC Avinashi Road-DT,Franchisee,"1258-1260, survey no 333,","Avinashi Road, Peelamedu,",Coimbatore,Tamil Nadu,,11.01807737,76.99054062
KFC Fun Republic Coimbatore,Franchisee,#474 Fun Republic Mall,Avinashi Rd Peelamedu,Coimbatore,Tamil Nadu,641004,11.0243833,77.0107771
Prozone Mall,Franchisee,"Food Court, Prozone Mall","Saravanam Patty Road, Ganesh Nagar",Coimbatore,Tamil Nadu,636007,11.055688,76.993962
KFC OSL Tower Badambadi,Franchisee,"KFC OSL Tower 3, Link Road",Traffic Tower Badambadi,Cuttack,Orrisa,753012,20.4601136,85.8809474
"KFC RBD Darjeeling, Nehru Road",Franchisee,"KFC Restaurant,Old Bellevue Hotel, 5A,","Nehru Road , Darjeeling, West Bengal",Darjeeling,West Bengal,734101,27.039532,88.280179
KFC Davangere,Company,"KFC Restaurant, Eminent Towers,","Opp to Bapuji Dental College, MCC ""B"" Block",Davangere,Karnataka,678007,14.4527895,75.9155025
"KFC Pacific Mall, Dehradun",Franchisee,"Pacific Mall, Food Court",Rajpura Road,Dehradun,Uttrakhand,248009,30.3665003,78.0706149
KFC Dehradun,Franchisee,"65-A, Rajpur road, Dehradun","Uttarakhand, 248001",Dehradun,Uttrakhand,248001,30.333798,78.051308
"KFC T3D International, Delhi",Franchisee,IGI AIRPORT KFC T3,NEW UDAN BHAVAN IGI AIRPORT T3,DELHI,New Delhi,1100037,28.557141,77.09886
"KFC T3D International, Delhi",Franchisee,IGI AIRPORT KFC T3,NEW UDAN BHAVAN IGI AIRPORT T3,DELHI,New Delhi,1100037,28.552373,77.094245
KFC Dimapur,Franchisee,"Nagi House,","Circular Road,",Dimapur,Nagaland,797112,25.9114814,93.7201605
KFC Durgapur,Franchisee,"Shop No 17, LGF, Junction Mall","City Centre, Durgapur",Durgapur,West Bengal,713216,23.539205,87.290884
KFC Edelco Mall,Franchisee,"Shop No E28-E38,","Ground Floor, Eldeco Mall",Faridabad,Haryana,122002,28.3888176,77.3130243
KFC RBD Crown Interior,Franchisee,"KFC Shop No : 22-23,","Second Floor , Crown Interior Mall",Faridabad,Haryana,121003,28.4696458,77.3074169
KFC Gajraula,Franchisee,NH-24 Dist. JP Nagar,Amroha,Gajraula,U P,244235,28.8373403,78.2766954
"KFC RBD Pacific Mall, Ghaziabad",Franchisee,"Plot No. 1, Site - 4, 2nd Flr Food Court Level, Pacific Mall","Sahibabad Industrial Area,  Kaushambi, Ghaziabad",Ghaziabad,U P,201010,28.646235,77.320396
"KFC RBD Mahagun Mall, Vaishali",Franchisee,"KFC Restaurant , Shop No. FC - 7, Third Floor, Mahagun Metro Mall","Plot No. VC3, Sector - 3 Vaishali,",Ghaziabad,U P,201012,28.6447355,77.3356552
KFC RBD Crossing Republic,Franchisee,"Shop No.- 4-9, First Floor","Paramount Symphony, Crossing Republic, NH-24",Ghaziabad,U P,201001,28.6287731,77.4404896
KFC Indrapuram,Franchisee,"Shop No -131,132, 133","Block B,  Indrapuram  Habitat Center",Ghaziabad,U P,201014,28.639809,77.368168
KFC RBD Greater Noida,Franchisee,GF Shop No. 03 - 06,"Ansal Plaza Mall, Plot 01/C5 Institutional Area",Greater Noida,U P,201308,28.4641405,77.507869
KFC Guntur,Company,"Plot no # 5-87-92 ,",Lakshmipuram Main Road,Guntur,Andra Pradesh,522007,16.3102008,80.4305478
KFC Sohna Road,Franchisee,"Shop No. GF 025, GF 026, GF 027 ILD Trade Center","Sec - 47,Sohna Road",Gurgaon,Haryana,122001,28.425009,77.039394
KFC RBD DT City Center Gurgaon,Franchisee,"KFC Restaurant, Shop no 28,124",DLF City centre Mall MG  Road Gurgaon,Gurgaon,Haryana,122003,28.47910725,77.0807219
KFC DT Manesar,Franchisee,"KFC -55th Mile stone,","NH-8 Village Kukrola, Pachgaon",Gurgaon,Haryana,122050,28.355246,76.935034
KFC RBD DLF Mega Mall,Franchisee,"KFC Shop No -MS0044,",Upper Ground Floor DLF Mega Mall,Gurgaon,Haryana,122002,28.475923,77.093074
KFC Sec 14 Gurgoan,Franchisee,Plot No 98,Sec 14 Main Market,Gurgaon,Haryana,122002,28.4707,77.0464
KFC RBD Ambi Mall,Franchisee,"Shop No R2, 3rd Floor","NH-8, Ambience Mall",Gurgaon,Haryana,122001,28.5038071,77.0970069
KFC Medicity Gurgaon,Franchisee,"Food Court Ground Floor, Sector 58",Medanta Medicity Hospital,Gurgaon,Haryana,122001,28.4250095,77.0393937
KFC RBD DLF Hub Gurgaon,Franchisee,Counter no- 117 E,"DLF Cyber Hub , Food Court Zone , Cyber City",Gurgaon,Haryana,122002,28.49557,77.088522
KFC Cyber Park,Franchisee,"Ground floor Cyber Park, Tower-C, Unitech cyber park",Sec-39,Gurgaon,Haryana,122002,28.443697,77.056763
KFC Guwahati 1,Franchisee,Adityam Building,"GS Road, Lalchit Nagar",Guwahati,Assam,781007,26.1721217,91.7597727
KFC Guwahati 2,Franchisee,"Shop No.3, Parnil Palace,","1st Floor, RG Baruah Road, Zoo Road, Tiniali,",Guwahati,Assam,781024,26.1743009,91.7770474
KFC RBD G.S Road.,Franchisee,"KFC Restaurant, Dynasty Walford,","G.S. Road, Guwahati",Guwahati,Assam,781005,26.154378,91.7807605
KFC Paltanbazar,Franchisee,"KFC - Grand Plaza, AT Road",Paltan Bazar,Guwahati,Assam,781008,26.1799001,91.7512927
KFC LGBI Airport Guwahati,Franchisee,"LGBI Airport,",Borjhar,Guwahati,Assam,781015,26.1046889,91.5897815
KFC Haldwani,Franchisee,Shop No 1 & 2 Vintage High street,"Khasra No 790, 793 Village Damuadhunga Bandobasti Tehsil Haldwani",Haldwani,Uttrakhand,263126,28.83734,78.276695
KFC Himayathnagar,Company,"KFC Restaurant, MPM Millenium Mall,",Survery No 3-6-552 - 558 & 558/1,Himayatnagar Hyderabad.,Telangana,500029,17.401534,78.485791
KFC RBD Howrah Station,Franchisee,"New Complex, Howarh Station",Sampark Yatri Niwas,Howrah,West Bengal,711101,22.5818236,88.3422798
KFC Hubli,Company,Shop No G 1A Gr Flr Urban Oasis Mall,SBI Indl Estate Gokul Rd,Hubli,Karnataka,580030,15.3498865,75.1113001
KFC Hyderabad Domestic Airport,Franchisee,Rajiv Gandhi International Airport Lvl B Zone 2,Passenger Terminal Building Shamshabad,Hyderabad,Telangana,500409,17.2402633,78.4293851
KFC RBD Himayathnagar,Company,Shop No 002 HNo 3-6-196/197,"Prime plaza, Himayathnagar",Hyderabad,Telangana,500029,17.401569,78.484571
KFC Abids,Company,"Gr Flr  H No 5-9-322 TS No 86 Ward No 51 Blk F,",Abids Rd Gun foundry,Hyderabad,Telangana,500001,17.395018,78.476001
KFC RBD Kothapet,Company,"No: 11-309/1/2 Survey No :9/1,","Kothapet ‘X’ Road, Saroornagar RR. Dist,",Hyderabad,Telangana,500035,17.367582,78.540493
KFC Hyderbad Central FC,Company,"Plot no: 6-3-673,673/1, 6-3-674& 674/1 Gr Flr,","Hyderabad Central Mall, Punjagutta Cross Road,",Hyderabad,Telangana,500082,17.4267031,78.4531248
KFC RBD LB Nagar,Company,"Sy. No - 49/7,49/14 & 49/15 Bahadurguda Village,","Saroornagar Mandal, Dist -Ranga Reddy,",Hyderabad,Telangana,500 078,17.345718,78.55223
KFC RBD Kukatpally,Company,Gr Flr South India Shopping Mall KS Raju Ngr,Balanagar Mandal Kukatpally,Hyderabad,Telangana,500072,17.4929615,78.404566
KFC Hitech City,Company,"KFC Restaurant, Shilpakalathoranam","Hitech City, Madhapur",Hyderabad,Telangana,500033,17.450747,78.379426
KFC Manjeera Trinity Mall,Company,"Sy.No.1050 (P), Kukatpally,","Balanagar  Mandal, R.R. District",Hyderabad,Telangana,500072,17.4897402,78.3931169
KFC RBD Gachibowli,Company,"Ground Floor, Survey No. 124, Gachibowli Village,","Serlingampally Mandal, Ranga Reddy District,",Hyderabad,Telangana,500034,17.4428637,78.3572883
KFC RBD Miyapur,Company,"Plot 8,9,14 & 15 Survey No: 221",Madinaguda,Hyderabad,Telangana,500049,17.494872,78.35612
KFC Forum Sujana Mall,Company,"Upper Ground floor Forum Sujana Mall,","Near Malaysian township, Kukatpaly RR Dist",Hyderabad,Telangana,500072,17.484273,78.38908
KFC Hyderabad Airport,Franchisee,"The Food Court Unit No 87, Level C Parking",Rajiv Gandhi Internetional Airport Shamshabad,Hyderabad,Telangana,501218,17.2364165,78.4299384
KFC MG Road,Company,H No 2-4-59 to 62 & 2-4-91 to 92,"Ankita Arcade, MG Rd Secunderabad",Hyderabad,Telangana,500003,17.435956,78.488345
KFC RBD Vikrampuri,Company,Plot No B1 Vikrampuri Colony,Kharkhana Rd Secunderabad,Hyderabad,Telangana,500009,17.456656,78.499506
KFC RBD Kompally,Company,"Blk G Survey no 91,92,93, Jeedimetla Vil, Qutballapur Mandal,",RR District Kompally,Hyderabad,Telangana,500067,17.5036624,78.478193
KFC RBD AS Rao Nagar,Company,"Shop No GI,Plot no A-13,PNR SSV complex",Dr AS Rao Nagar Main Road,Hyderabad,Telangana,500062,17.481498,78.55525
KFC RBD Raj Bhavan,Company,KFC Grand Bldg,Raj Bhavan Rd Somajiguda,Hyderabad,Telangana,500082,17.42333111,78.46237734
KFC RBD RK Cineplex,Company,Gr Flr RK Cineplex Mall,Rd No 2 Banjara Hills,Hyderabad,Telangana,500034,17.4232714,78.4278478
KFC GVK,Company,GVK one road no -01,"Banjara Hills,",Hyderabad,Telangana,500034,17.4192363,78.4483246
KFC RBD Mehdipatnam,Company,"Ground Floor, Municipal Door No. 10-3-76,","Humayun Nagar, Mehdipatnam,",Hyderabad,Telangana,500028,17.4027061,78.4113337
KFC Inorbit Hyderabad,Company,"Survey no -64(Part), APIIC Software Layout Inorbit Mall, F&B 14-B Food Court Level","Madhapur, Hi-Tech City",Hyderabad,Telangana,500018,17.4350083,78.3832686
KFC Hitech City 2,Company,"KFC Restaurant,","Lower Ground Floor, Phoenix Tower - A, Plot No 2/1 & 2/2. Opp Trident Hotel. Ranga Reddy District",Hyderabad,Telangana,500082,17.450733,78.379471
"KFC Mallhar Mall, Indore",Franchisee,"Ground Floor, Malhar Mega Mall, plot no 304,",AB Road,Indore,Madhya Pradesh,452010,22.7447034,75.8946122
KFC Indore RNT Marg,Franchisee,1 and 2 kbike compound,"Shreemaya square, RNT Marg",Indore,Madhya Pradesh,452001,22.7063494,75.8745938
"KFC TI Mall, Indore",Franchisee,"4th Floor, Appetiz Food Zone, Treasure Island Mall,","MG Road, South Tukuganj",Indore,Madhya Pradesh,452001,22.713652,75.874859
KFC Itanagar,Franchisee,"""O"" Point Tinal,","Near Hotel Moomsie, Papum Pare - District",Itanagar,Arunachal Pradesh,791111,27.1017591,93.6294901
KFC Nehru Nagar Jabalpur,Franchisee,"Shop no GF- 1 - 5, FF, 1- 2 Nehru nagar mall","South Avenue Mall, Narmada Road,",Jabalpur,Madhya Pradesh,482001,23.1241084,79.9276938
KFC FC WTP Jaipur,Franchisee,"World Trade Park, Food Court Level","Block - AB, Counter No. 1,",Jaipur,Rajasthan,302018,26.8527759,75.8049027
KFC Curo Mall,Franchisee,Curo mall,66 feet road Urban Estate Phase 2,Jalandhar,Punjab,144002,31.2831393,75.5854998
KFC RBD Jalandhar Model town,Franchisee,KFC Rampa Centre Point Main Market,Model Town,Jalandhar,Punjab,144003,31.3067083,75.5770267
KFC Jalandhar Drive Thru,Franchisee,"Jalandhar Phagwara Highway,","Khasara No 867/868,Village Paragpur,G.T Road",Jalandhar,Punjab,144001,31.287562,75.661795
KFC Jammu Highway,Franchisee,"OPP Babu Dhaba , Sarore Adda Bridge",NH-1 Bari Brahmna,Jammu,J & K,181133,32.6167757,74.9314523
"KFC Wave Food Court, Jammu",Franchisee,"KFC Restaurant,Counter  No. 1 & 2, Second Floor,The Wave Mall,",Narwal Akhnoor Road,Jammu,J & K,180002,32.7095745,74.89265
KFC Jamshedpur,Franchisee,"10A, SNP AREA, SAKCHI,JAMSEDHPUR,",NEXT TO RELIANCE FRESH AND BAZAAR,Jamshedpur,Jharkhand,831001,22.8072629,86.2025112
KFC Kadapa,Company,"Door no 42/347-15-12, Survey no 760/5, Simhapuri Colony,","Near RTC Bus stand, Next to Joy Allukas Showroom,",Kadapa,Andra Pradesh,516001,14.4655096,78.8325906
KFC RBD Kakkanad,Company,"KFC Restaurant, Noel Focus Mall","Sea Port Air Port Raod, Chittethukara, CSEZ PO",Kakkanad,Kerala,682031,9.9989647,76.3499808
KFC RBD Coromondal Plaza,Franchisee,33 Coromandel Plaza,Navalur village,Kanchipuram,Tamil Nadu,603103,12.8503235,80.2261884
KFC Kanchipuram DT,Franchisee,"Plot No-27,28&29,Vadivel Nagar,Ennathur Village","Kanchipuram Taluk & District,",Kanchipuram,Tamil Nadu,631552,12.871314,79.7200299
KFC RBD Kannur,Franchisee,"Central Bus Terminal, KK Trading Centre","Commercial Block-III, Thavakkara",Kannur,Kerala,670001,11.8669201,75.370591
KFC RBD Kanpur,Franchisee,"Shop No.-11,12,13,14, 3rd Floor, Z Square Shopping Mall",16/113 M.G. Road,Kanpur,U P,208001,26.4737352,80.3522911
KFC Karnal Drive Thru,Franchisee,"KFC - Karnal DT,Shop No. 89-15/16/17/18,","NH-1, GT Road Karnal, Haryana",Karnal,Haryana,132001,29.7321853,76.9762605
KFC Kharar Drive thru,Franchisee,"SCO - 100, Sunny Business Center","Chandigarh road,",Kharar,Punjab,,30.74045,76.675786
KFC Kodungallur,Company,"Mughal mall, Vadakkenada","NH 66, Kodungallur, Thrissur",Kodungallur,Kerala,680664,10.2035731,76.2001
KFC Kohima,Franchisee,"KFC Restaurant  Plot No-2046, Ward Number 3",Ground and First Floor,Kohima,Nagaland,797001,25.6831209,94.1064493
KFC Kolaghat Digha,Franchisee,"KFC Kolaghat, Digha Highway","Near Power Station and Ambika Hotel,",Kolaghat,West Bengal,721134,22.431056,87.870306
KFC RBD City Centre Mall 2,Franchisee,"KFC GF,Block C,City Centre Mall 2,","New Town Rajarhat,",Kolkata,West Bengal,700052,22.6229679,88.4503595
KFC RBD South City Mall,Franchisee,KFC Third Floor  South City Mall,Prince Anwar Shah Road,Kolkata,West Bengal,700068,22.501613,88.362002
KFC RBD Salt Lake Sec 5,Franchisee,"Globsyn Cristal building, Block- EP.","Salt Lake, Sector-5",Kolkata,West Bengal,700091,22.5716421,88.4332322
KFC Avani Mall Food Court,Franchisee,"KFC Avani River Side Mall FB-1, 3rd Floor, Food Court 32,","Jagar Banerjee Ghat Road, Howrah",Kolkata,West Bengal,700091,22.5635503,88.3238057
KFC RBD DLF Rajarhat,Franchisee,"Ground Floor, DLF IT Park, Main Arterial Road,","New Town, Rajarhat,",Kolkata,West Bengal,700156,22.5819093,88.4470499
KFC RBD Bhawanipur,Franchisee,KFC Plot no-20 opp-gaja park,"Asutosh Mukherjee Road,Bhawanipur",Kolkata,West Bengal,700025,22.5385835,88.3654085
KFC Nicco Park,Franchisee,KFC -Nicco Park,Salt Lake City,Kolkata,West Bengal,700106,22.562951,88.417364
KFC Mani Square,Franchisee,"313 A,B,C VIP Road","Mani Square Food Court, Mani Square Mall",Kolkata,West Bengal,700068,22.577612,88.400214
KFC RBD DCN Mall,Franchisee,"Shop No. 1, Plot No. 1,DCN Mall","Between Nager Bazaar & Shyam Bazaar Crossing, Jessore Road,",Kolkata,West Bengal,700064,22.6156573,88.4122832
KFC RBD VIP Road,Franchisee,"Shree Tower,  RAA 44, VIP Road,",,Kolkata,West Bengal,700059,22.6177375,88.4325197
KFC RBD Shyam Bazar,Franchisee,"KFC Restaurant,139, Bidhan Sarani","Haathi Bagan Market, Shyam Bazaar",Kolkata,West Bengal,700004,22.596004,88.3713831
KFC Salt Lake,Franchisee,Shop No. 105,"City center mall,salt lake",Kolkata,West Bengal,700052,22.588206,88.40829
KFC RB Connector,Franchisee,1842 Rajdanga Main Road,"Rene World,",Kolkata,West Bengal,700107,22.514725,88.39223
KFC Quest Mall,Franchisee,"KFC Restaurant,Quest mall -5th Floor,","33, Sayed Amir Ali Avenue , Kolkata",Kolkata,West Bengal,700017,22.5390744,88.3656724
KFC Acropolis,Franchisee,"ACROPOLIS MALL, 3RD FLOOR, FOOD COURT","1858 Rajdanga Main Rd,",Kolkata,West Bengal,700107,22.514725,88.39223
KFC RBD Park Street,Franchisee,"20 K, Park street",,Kolkata,West Bengal,700016,22.5530955,88.3527026
KFC RBD New Empire,Franchisee,Humayun Place,"New Empire Cinema Building,",Kolkata,West Bengal,700087,22.560549,88.351772
KFC Kolkata Airport,Franchisee,NSCBI  AIRPORT KOLKATA,INTERNATIONAL  AIRPORT,KOLKATA,West Bengal,700052,22.643876,88.440096
KFC Hindustan Park Gariahat,Franchisee,"26 A Hindustan Park, Gariahat","Near Reliance Digital, Near 4 no Crossing of Gariahat",Kolkata,West Bengal,700019,22.518714,88.365417
KFC Barasat Kolkata,Franchisee,"KFC Restaurant, 8 Jessore Road","North 24 Parganas, Dist - Barasat",Kolkata,West Bengal,700124,22.719679,88.487831
KFC Kolkata Airport,Franchisee,NSCBI  AIRPORT KOLKATA,INTERNATIONAL  AIRPORT,KOLKATA,West Bengal,700052,22.652043,88.44633
KFC Kollam,Company,KFC RESTAURANT,"NOVAR PLAZA, VADAKKEVILA ( P O), POLAYATHODE",Kollam,Kerala,681001,8.8787129,76.6082963
KFC Kottayam,Company,Manjooran Tower KK Rd,Kanjikuzhy,Kottayam,Kerala,686004,9.5881529,76.5399373
"KFC City Mall , Lucknow",Franchisee,"CP-2, City Mall,","Vipul Khand - 4, Gomti Nagar,",Lucknow,U P,226010,26.8462369,80.9874394
KFC Phoenix Food Court  Lucknow,Franchisee,Phoenix Food court  Lucknow Food Court Floor,"LDA Colony, Alam Bagh,",Lucknow,U P,226005,26.7988682,80.894233
KFC Fun Republic Food Court Lucknow,Franchisee,"Restaurant No.03,Food Court Area. Fun Republic Mall","Lohia Path,Gomtinagar",Lucknow,U P,226010,26.8458965,80.9874609
KFC RBD Eldee Mall,Franchisee,"KFC  Ground floor,  Plot No. 5/CT 105,","Shalimar Eldee Plaza, Bhootnath Market , Indra Nagar",Lucknow,U P,226005,26.8728381,80.98277
KFC RBD Lucknow,Franchisee,"Shop Mo 3,4,5 Saharaganj Mall. Shahjanaf Road, Lucknow",,Lucknow,U P,226001,26.8553204,80.9461818
KFC Silver Arc Mall,Franchisee,"Shop no TF04, 3rd Flr, Food court,","SilverArc Mall,",Ludhiana,Punjab,141001,30.9004322,75.8293012
KFC JMD Ludhiana,Franchisee,"JMD  Govardhan City Centre, Opp Laxmi cinema,","G.T.Road; near Railway Station,",Ludhiana,Punjab,141008,30.9110727,75.8514872
KFC GK County,Franchisee,"KFC Restaurant,   G.K County,","GK - S.C.O 3 , 4 , & 5 ,G.K. County Chandhigarh - Ludhiana Highway, Ludhiana",Ludhiana,Punjab,141015,30.8683515,75.821464
KFC RBD Ansal Ludhiana,Franchisee,Ansal Plaza Mall,Firozpur Road,Ludhiana,Punjab,141001,30.897707,75.9721224
KFC RBD West End Mall,Franchisee,"Shop No 13 & 14 ,West End Mall,Ferozpur Road",,Ludhiana,Punjab,141001,30.8856311,75.7881972
KFC Madurai,Franchisee,# 61/4B By Pass Rd,,Madurai,Tamil Nadu,625 010,9.9169951,78.0943254
KFC Mangalore,Company,"KFC Restaurant, City Centre mall","UG 24,K.S Rao Road, Hampankatta",Mangalore,Karnataka,575001,12.8712632,74.8435475
KFC RBD Kadri Mall,Company,"Times Sqaure Mall, Near ShivBhag",Kadri Junction,Mangalore,Karnataka,575002,12.878589,74.856681
KFC RBD Manipal,Company,"Shop no.1, Shiroor tower,",Udipi mian road,Manipal,Karnataka,576102,13.3487949,74.7819541
"KFC Shopprix Mall, Meerut",Franchisee,"Shopprix Mall, Major Dhyan Chand Nagar, Hapur Bypass,","Delhi Road, Near Sanjay Van, Sports Goods Complex",Meerut,U P,250001,28.9476532,77.6754448
KFC Mohali,Franchisee,"Gr Flr,Phase -3B2,",SAS Nagar,Mohali,Punjab,160059,30.710197,76.720871
KFC NCM Mohali,Franchisee,"KFC Restaurant, , Kiosk no 16,17 & 18;","the food court,  Entertainment floor,  North Country Mall,  NH-21,  Mohali",Mohali,Punjab,160118,30.7363766,76.6783154
KFC RBD K Stars Mall,Franchisee,"Unit # 7 / 11,12,13 & 14, Food Court ,Third Floor","Near Diamond Garden Circle Sion Trombay Road , Chembur",Mumbai,Maharashtra,400071,19.0523006,72.9016543
KFC RBD Linking Road,Franchisee,Linking Rd Nr National College,Bandra (W),Mumbai,Maharashtra,400050,19.0655416,72.8341168
"KFC Phoenix Market City, Mumbai",Franchisee,"Phoenix Market City,S-20, 2nd Floor-Food Court Level,","L.B.S. Marg, Kurla(West)",Mumbai,Maharashtra,400070,19.0864096,72.8902619
KFC RBD Powai,Franchisee,KFC,Powai Hiranandani Complex,Mumbai,Maharashtra,400072,19.1185712,72.9113962
KFC R City Mall FC,Franchisee,"3rd Floor  R-City Mall, Food Court,","LBS Road, Ghatkopar East",Mumbai,Maharashtra,400077,19.0996921,72.9163115
KFC RBD Malad,Franchisee,"Unit no. 17&18, 2nd Floor, Food court,","Inorbit Mall Malad Link Road, Malad (W)",Mumbai,Maharashtra,400064,19.1733183,72.836248
KFC Orion Mall,Franchisee,"Shop no. K-01 & 2, KFC Restaurant, Second floor, Food court","Orion Mall, Plot no. 311, Mumbai Pune Highway, Panvel",Mumbai,Maharashtra,410206,18.9931721,73.1155841
KFC RBD Nerul,Franchisee,Opp D Y Patil Stadium,"Nerul East, Navi Mumbai",Mumbai,Maharashtra,400706,19.0459617,73.0241644
KFC RBD Vashi Inorbit,Franchisee,"Inorbit Mall, ground floor, Near BSEL Tech Park",Vashi Navi Mumbai,Mumbai,Maharashtra,400705,19.0658305,73.0006013
KFC RBD Glomax Mall,Franchisee,"Plot 17, 18, 19 Shop no G 12,13,14,21,22,23 & 24 Gr Flr Glomax Mall","Sec 2, Kharghar Railway station Road,Kharghar Navi Mumbai",Mumbai,Maharashtra,410210,19.0304636,73.0657304
KFC Mumbai Domestic Airport,Franchisee,"Terminal 1 A,1 C Food court",Domestic Airport - Mumbai,Mumbai,Maharashtra,,19.0940191,72.8551624
KFC International Airport 2 Departure Mumbai,Franchisee,T2 International Airport Departure Terminal,Andheri (E),Mumbai,Maharashtra,,19.092962,72.849717
KFC Mumbai Airport,Franchisee,"W5 -3028, LEVEL-3 DOMESTIC FOOD COURT ,",TERMINAL - 2 Mumbai Airport. Mumbai,Mumbai,Maharashtra,400059,19.0961264,72.875317
KFC Korum Mall,Franchisee,"KFC Restaurant, Korum Mall","Unit R4, Korum Mall Foodcourt,3 rd floor, Off Eastern Express Highway Next to Cadbury's ,Thane west.",Mumbai,Maharashtra,400606,19.2035083,72.9646955
KFC Viviana Mall,Franchisee,"Viviana Mall, Unit No. FC 11, 2nd floor","Opposite Eastern Express Highway, Next to Jupitor Hospital, Panchpakhadi, Thane.",Mumbai,Maharashtra,400606,19.2086746,72.9715242
KFC RBD Spice Court,Franchisee,"Shop No:-1,2,3, Sheetal Classic corner, Sai Karishma CHS",Mira-Bhayendar Highway,Mumbai,Maharashtra,415517,19.282945,72.8657866
"KFC Infinity Mall, Mumbai",Franchisee,"Infinity Mall,Shop NO. TF-328,3rd Floor-Food Court,","Link Road, Malad(West),",Mumbai,Maharashtra,400064,19.1849222,72.8340406
KFC RBD Oberoi Mall,Franchisee,Oberoi Mall 3 Flr,Nr Western Express Highway Goregaon (E),Mumbai,Maharashtra,400063,19.1734401,72.8600555
KFC RBD Growels,Franchisee,"KFC Restaurant,T05,Third Floor, Food Court","Growels Mall, Kandivali (East)",Mumbai,Maharashtra,400101,19.2033331,72.8599737
KFC T2 ARRIVAL,Franchisee,KFC T2 Arrival,"International Airport P6, Terminal T2, Andheri East",Mumbai,Maharashtra,400099,28.557141,77.09886
KFC Infiniti Mall Andheri,Franchisee,"KFC, Food court, Level 2","Infiniti Mall Andheri West,",Mumbai,Maharashtra,400053,19.171227,72.832828
KFC International Airport 2 Departure Mumbai,Franchisee,T2 International Airport Departure Terminal,Andheri (E),Mumbai,Maharashtra,400099,19.098198,72.874498
KFC T2 ARRIVAL,Franchisee,KFC T2 Arrival,"International Airport P6, Terminal T2, Andheri East",Mumbai,Maharashtra,400099,19.098423,72.87444
KFC Garuda Mall FC Mysore,Company,Garuda Mall Shop # 1 1st Flr,Makkaji Chowk Albert Victor Rd,Mysore,Karnataka,570001,12.3081345,76.6563599
KFC Mall of Mysore,Company,"Mall of Mysore, Indranagar Extn","Nazarabad Mohalla, MG Road, Mysore",Mysore,Karnataka,570022,12.2980049,76.664655
KFC RBD Habitat Mall,Company,"Upper ground Foor, situated at 22/B,","Vinoba Road, Jayalakshmipuram",Mysore,Karnataka,570012,12.3214708,76.6209842
KFC Eternity Mall,Franchisee,"KFC Restaurant,G1,G2,Ground floor","Eternity Mall, Variety square, Sitabuldi",Nagpur,Maharashtra,440012,21.1431583,79.080197
KFC Nellore,Company,"Ground Floor, MGB Felicity Mall",Ambedkar Nagar,Nellore,Andra Pradesh,,14.4321073,79.96713
KFC Kirti Nagar,Franchisee,"SHOP NO 12,13 Moments Mall 2nd Flr Food Court",PATEL ROAD,New Delhi,New Delhi,110015,28.6570135,77.1467284
KFC CP1,Franchisee,A-12 Inner circle,Connaught Place,New Delhi,New Delhi,110001,28.633164,77.217971
KFC Vasant Kunj,Franchisee,Shop no 12 13 Gr Flr Sun City Vasant Square Mall,Vasant Kunj,New Delhi,New Delhi,110070,28.524866,77.156567
KFC RBD CP 2,Franchisee,"6 & 7,Scindia House,Outer circle","Connaught Place,",New Delhi,New Delhi,110001,28.6309677,77.2172074
KFC RBD Patel Nagar,Franchisee,"W-2/14,Upper Ground Floor,",West Patel Naga,New Delhi,New Delhi,110008,28.645157,77.16933
"KFC Ambience Mall, Vasantkunj  FC",Franchisee,"3rd Floor,  Food Court","Ambience Mall, Vasantkunj",New Delhi,New Delhi,,28.541245,77.154935
KFC Subash Nagar 1,Franchisee,"Shop no 27 2nd floor Food court, Pacific mall","Subhash Nagar ,",New Delhi,New Delhi,110015,28.642702,77.10594
KFC RBD Subash Nagar 2,Franchisee,"Ground Floor,  Pacific mall","Subhash Nagar ,",New Delhi,New Delhi,110026,28.642702,77.10594
KFC Preet Vihar,Franchisee,"F-25 GF,Preet vihar, Vikas Marg, Delhi - 92",,New Delhi,New Delhi,110092,28.6415889,77.2953466
KFC RBD Pitampura,Franchisee,"Restaurant 2, Ansal MGF Metro Plaza,",Below Netaji Subhash Place metro station,New Delhi,New Delhi,110092,28.695936,77.152436
KFC RBD Janakpuri,Franchisee,"KFC Restaurant,","Plot no. C-1/133, Janak Puri",New Delhi,New Delhi,110058,21.0789316,71.7650422
KFC RBD Janakpuri (W),Franchisee,"Shop no.8-11,Satyam Complex","District Centre, Janakpuri West",New Delhi,New Delhi,110058,28.6295538,77.0801899
Janakpuri 3,Franchisee,Unit No-G01 Gr Flr and 101 First Floor,"Unity One Janakpuri, MLCP Plot",New Delhi,New Delhi,110058,28.6286625,77.0764709
KFC  Nehru place,Franchisee,"Food court 01, Lower ground floor,","TDI mall, Nehru place metro station, Nehru place",New Delhi,New Delhi,110019,28.551441,77.251741
KFC Lajpat Nagar,Franchisee,J 23 A Central Market,Lajpat Nagar 2,New Delhi,New Delhi,110024,28.569229,77.2417726
KFC Kalka Ji,Franchisee,"KFC Restaurant, F-4,","Kalka ji, New Delhi,",New Delhi,New Delhi,110019,28.5374198,77.2597274
KFC Paschim Vihar,Franchisee,"KFC Restaurant,  ARSS Building, Plot No 40","Block A, Opposite Jwala heri Market Complex, Paschim Vihar",New Delhi,New Delhi,110063,28.6672035,77.1028498
KFC RBD Kamla Nagar,Franchisee,Plot  # 38 UA Bangalow Road,Kamla Nagar,New Delhi,New Delhi,110007,28.6804794,77.2081838
"KFC T3 Domestic Airport, Delhi",Franchisee,"D41, Food Court Level 3rd Floor",T-3 Domestic Airport,New Delhi,New Delhi,110037,28.563072,77.119793
KFC Airport T3 Arrival,Franchisee,"Terminal -3, Airport Arrival Food Court",Pillar No.17,New Delhi,New Delhi,110037,28.5550838,77.0844015
KFC Domestic Airport Delhi,Franchisee,"Counter No. 11& 12 , Food Street","Terminal 1 D, Domestic Airport",New Delhi,New Delhi,110037,28.556162,77.099958
KFC Rohini,Franchisee,"Plot no. 15, Block No. X,Shop no G1 to 8 and 10",District Centre NN Mall Sector 3 Rohini,New Delhi,New Delhi,110085,28.7016014,77.1168011
KFC Noida Sec 18,Franchisee,"P -21, Atta Market, Sector 18.","Noida, Sec18",Noida,U P,201301,28.56724,77.326101
KFC RBD Advant Noida,Franchisee,"KFC Restaurant , Advant Navis Business Park,","Noida Expressway, Sec - 142, Gautam Budh Nagar.",Noida,U P,201305,28.500394,77.4103499
KFC Mall Of India,Franchisee,"Unit No -8, Food Court , Fourth Floor,",Mall of India,Noida,U P,201301,28.567685,77.32115
KFC Garden Galleria,Franchisee,"FB 301-A, Gardens Galleria,",Sector-38,Noida,U P,201301,28.5646,77.3216
KFC GIP Noida,Franchisee,"Shop no 37, The Great India Place",SEC 38 A,Noida,U P,201301,28.56724,77.326101
KFC Logix Mall,Franchisee,"Plot No. BW-58, Logix Mall","Sector 32, Near Noida City Center Metro",Noida,U P,201301,28.574244,77.3533962
KFC RBD Panchkula,Franchisee,"SCO - 328,",Sector 9,Panchkula,Haryana,134109,30.6960557,76.8496333
KFC Goa,Franchisee,"Caculo Mall, Caculo Enclave","Opp Fire HQ, St. Inez, Panjim",Panjim,Goa,403001,15.4863631,73.8177241
KFC Margaon,Company,"Shop No. 15, L&L Corial Pride Building,",Near Kadamba Bus Terminus Panjim Highway Margaon,Panjim,Goa,403601,15.2899404,73.9549976
KFC Patiala,Franchisee,"SCO - 2 & 3. OPP. Gopal Sweets, Leela Bhavan Chowk",Near Surya Complex,Patiala,Punjab,147001,30.3352061,76.385134
"KFC Miles Mall, Rajpura",Franchisee,"(Haveli), Between Sirhind & Rajpura NH-1",Dist-Fatehgarh Sahib,Patiala,Punjab,140406,30.549679,76.487403
KFC Patna 1,Franchisee,Regent Theatre East Gandhi Maidan,"Shastri Nagar,",Patna,Bihar,800004,25.6168157,85.1485225
KFC Patna 2,Franchisee,"Vasundara Mall,  Joint Pantaloons Showroom",Raja Pull Road,Patna,Bihar,800001,25.623355,85.124872
KFC RBD Raja Bazaar,Franchisee,KFC Restaurant -RG Complex,"Opposite Keshava Palace, Bailey Road PO Bihar Veterinary College",Patna,Bihar,800014,25.6058617,85.0767934
KFC RBD Kankarbagh,Franchisee,Kfc Kankarbagh,"367 KFC KANKARBAGH, RADHEY SHREE, GROUND FLOOR,PATNA MAIN ROAD",Patna,Bihar,800020,25.5938179,85.1605332
KFC Perinthalmanna,Franchisee,No.19/425 A & B,"Ground Floor, HITON Tower, Near BY Pass Junction Calicut Road, ,",Perinthalmanna,Kerala,679322,10.977139,76.218489
KFC Pondicherry,Franchisee,New # 65  Old # 45,Corner of  Rangapillai Str & MG Rd,Pondicherry,Tamil Nadu,605 001,11.9349881,79.8289053
KFC Mall-De-Goa,Franchisee,KFC Restaurant Mall-De-Goa,"Shop No.T 7  ,Food Court Area, 3rd Floor, Mall De Goa",Porvorim,Goa,403521,15.525672,73.827116
KFC Providence Mall,Franchisee,"Shop No: 9 & 10 , Ground Floor","No,7, Venkata Subha Reddiar Salai",Puducherry,Tamil Nadu,605001,11.928666,79.820018
KFC RBD Baner,Franchisee,"Show room No.1, Ground  Floor","TIARA building, S. No. 115, village Baner, Haveli",Pune,Maharashtra,411007,18.5596581,73.7799374
KFC R Deccan Mall,Franchisee,KFC R-Deccan Mall,"Shop no 1,2,3,&4,ground floor Opposite to deccan PMT Bus stand near Deccan Gymkhana,J.M Marg",Pune,Maharashtra,411004,18.5164922,73.8423478
KFC Phoenix Market City,Franchisee,KFC Phoenix Market City Mall,"Level 2 Food Court,Nagar Road",Pune,Maharashtra,411014,18.5627761,73.9163206
"KFC Pacific Mall, Pune",Franchisee,"Unit Nos. 08 - 09, Kumar Pacific Mall","CTS No 42 & 43, Shankarseth Road,  Gultekdi",Pune,Maharashtra,411037,18.5013738,73.8723975
KFC Amanora,Franchisee,"unit no eb-ff42 & 42d, Amanora Town Centre,","Amanora Park Township Village Sadesatra Nali,Magarpatta, Hadapsar,",Pune,Maharashtra,411028,18.5186104,73.9360892
KFC MSM Mall,Franchisee,"Unit no 2, MSM Mall, ( Central 4 Mall)","Near Garware College, Karve Road,",Pune,Maharashtra,411004,18.510553,73.838674
KFC RBD Spot 18,Franchisee,"Spot 18 Building, Shivar Chowk,","Rahatni road, Sunshine villas, Rahatni, Pimpri Chinchwad,",Pune,Maharashtra,411027,18.593283,73.785939
KFC City One,Franchisee,"City One Mall,","Store No. G1C, G1B, Building No. 2,",Pune,Maharashtra,411018,18.6328382,73.8005489
KFC Nitesh Hub,Franchisee,"Unit K7 + K8, Second Floor,","Nitesh Hub, North Main Road, Near ABC Farms.",Pune,Maharashtra,411018,18.6328382,73.8005489
The Pavillion Mall,Franchisee,The Pavillion Mall,"Food Court, Ground Floor, ICC (International Convention Centre), Next to J W Marriot, SB Road",Pune,Maharashtra,411015,18.518704,73.935618
KFC West End,Franchisee,"SF 2, WestEnd Mall, 2nd Floor, 5 Gurukul Park Road,","Ward no. 8, Wireless Colony, Aund",Pune,Maharashtra,411007,18.560896,73.80696
KFC West End,Franchisee,"SF 2, WestEnd Mall, 2nd Floor, 5 Gurukul Park Road,","Ward no. 8, Wireless Colony, Aund",Pune,Maharashtra,411007,18.560896,73.80696
KFC Express Way Pune,Franchisee,Shop #7 Food Mall,"Sanjgaon - B, Village Sanjgaon,Taluka - Khalapur ,",Raigad,Maharashtra,410202,18.8305523,73.2846445
"KFC Magneto Mall, Raipur",Franchisee,Magneto Mall,"Labhandi, NH 06,",Raipur,Chattisgarh,429001,21.2395834,81.6841734
KFC Ranchi,Franchisee,"Shop # 10,11,12. Siromtoli Chowk.","Old H B Road,",Ranchi,Jharkhand,834001,23.354256,85.332782
KFC Nucleus Mall Ranchi,Franchisee,KFC-Nucleus Mall,"3rd Floor, Circular Road, Lalpur",Ranchi,Jharkhand,834001,23.377225,85.331519
KFC RBD Salem,Franchisee,"N0 - 255,256, Omalur Main Road,",,Salem,Tamil Nadu,636007,10.772221,76.6823662
KFC RBD Shillong,Franchisee,2nd Floor -Marbahub,Police Bazar Shillong,Shillong,Meghalaya,793001,25.5763249,91.8825191
KFC Shimla,Franchisee,"KFC Restaurant, Comberemere Building, A Block,","First Floor,Mall Road, Shimla",Shimla,Himachal Pradesh,171001,31.102237,77.177561
KFC Goldighi Mall Silchar,Franchisee,KFC Goldighi Mall 3rd Floor,"Central Road  Premtola,",Silchar,Assam,781001,24.8227452,92.7995342
KFC Siliguri,Franchisee,"Shop No A 02 / 03, City Centre Mall, Matigara","Ambuja Reality, Uttorayon, Siliguri",Siliguri,West Bengal,734005,26.7240706,88.3946466
KFC RBD Siliguri Sevoke Road,Franchisee,"Ashoka Complex, Near Payal Cinema Hall,","597 Sevoke Road,",Siliguri,West Bengal,734001,26.728666,88.43066
"KFC Vega Circle, Siliguri",Franchisee,"KFC Restaurant,  Shop No.7, 4th Floor, Vega Circle Mall, Tirupati Plaza Pvt. Ltd.,","3rd Mile, Sevokes Road,",Siliguri,West Bengal,734008,26.752602,88.439006
KFC Sonipat DT,Franchisee,Kassel Grand Plaza,Kundli,Sonipat,Haryana,131028,28.8691726,77.1201715
KFC RBD Surat Central,Franchisee,"Central Mall, Ground Floor,","Opp. Valentine Mall, Dumas Road",Surat,Gujarat,390007,21.154778,72.764934
KFC RBD Thalassery,Franchisee,Hyson Restaurant Pvt Ltd,"Dhana Tower, Narangapuram, Thalasery",Thalasery,Kerala,670102,11.7481357,75.4939458
THE WALK-HIRANANDANI ESTATE,Franchisee,"THE WALK, S-1, HIRANANDANI ESTATE ROAD,","HIRANANDANI ESTATE,THANE-WEST",THANE,Maharashtra,400607,19.25589,72.983651
KFC JIPMER,Franchisee,"Old Survey No 213/3, New Survey No 238/2","Plot No 10 to 21, Pattanur Village",Thindivanam,Tamil Nadu,605111,11.960395,79.7948299
KFC Pattom,Company,"Sree Dhanya, Shop no. T.C. 2/3604,","Keshavadasapuram,",Thiruvananthapuram,Kerala,695011,8.5283079,76.938626
KFC QRS Mall,Company,Door No: 001 QRS Mall Square,"Opposite Raymond Showroom MG Road,",Thiruvananthapuram,Kerala,695001,8.4932402,76.9473455
KFC Tirupathi,Company,"Survey no;- 3181,3184, Door no ;- 10-14/575/A4,","Beside Bank of board ( Near municipal office junction), VV Mahal road,",Tirupati,Andra Pradesh,517501,13.6370983,79.422057
KFC Tuticorin,Franchisee,"# 53, Velavan Hyper Market",Gin Factory Road,Toothikudi,Tamil Nadu,628002,8.8036258,78.1438704
KFC Trissur,Company,Selex East Mall,East Fort,Trichur,Kerala,680005,10.5228791,76.2247872
KFC Trichy,Franchisee,"# 6, Bharathiyar Salai",Cantonment,Trichy,Tamil Nadu,620001,10.7987919,78.6864759
KFC Udaipur,Franchisee,"Shops No. 13 & 14,Ground Floor,The Lakecity Mall,","Plot No. 1, Ashok Nagar, Main Road,",Udaipur,Rajasthan,313001,24.5862792,73.7103386
KFC RBD Vadodara Central,Franchisee,Gr Flr Central Mall Genda Circle,Wadi Wadi Rd,Vadodara,Gujarat,390007,22.3172607,73.1697974
KFC EVA THE MALL,Franchisee,"F-10 , 3rd Road , Eva The Mall","Patidar crossing , near saraswati complex , manjalpur",Vadodara,Gujarat,390011,22.273147,73.18907
KFC Karjan Highway,Franchisee,"KFC Karjan Highway , Bharthana, Nr. Karjan Toll Naka","N.H.No.8, Karjan, Vadodara",Vadodara,Gujarat,391244,22.055216,73.117257
KFC PVP Mall,Company,"KFC,3rd Floor, PVP Square","D.NO:39-1-57,Mogalrajpuram, M.G.Road",Vijayawada,Andra Pradesh,520010,16.5021061,80.6424476
KFC RBD Vijayawada,Company,"Upper Ground Floor, K K Tower, D. No. 42-1-52D & 52E","Acheraya Ranga Nagar, MG Road,",Vijayawada,Andra Pradesh,,16.4990251,80.6517887
"KFC Railway Station, Vijayawada",Franchisee,"KFC Restaurant,  Railway station","C/O Raildhaba,Plat form no.1",Vijayawada,Andra Pradesh,522201,16.54491,80.63351
KFC Vikravandi DT,Franchisee,"Plot No 57,58,59,60,61 & 62,Sri Karpaga Vinayagar Nagar, Sathanur Village","Vikravandi Taluk,Villipuram District, Chennai-Trichy Highway,GST Road",Villipuram,Tamil Nadu,605602,12.023255,79.536375
KFC Chitralaya,Company,Situated in NTS No 1678,Blk No 47 Alipuram Suryabagh,Visakhapatnam,Andra Pradesh,530020,17.712472,83.301199
KFC RBD Asilmetta,Company,Door no: 8-1-20/A Vinayagar Vajjhala Square,"Opposite to RTC Complex, GVMC line , Aselmetta, Junction",Visakhapatnam,Andra Pradesh,530003,17.7262172,83.3154703
KFC RBD CMR,Company,"KFC - CENTRAL MALL, Shop no: 1 & 2","Ground Floor, Maddlipalem",Visakhapatnam,Andra Pradesh,530013,17.7340488,83.3184896
KFC Warangal,Company,"Ground Floor, H.No:1-7-762, 1-7-763 and 1-7-764 , Block No.7, Ward No.1,","Beside DEO Office,  Adalath, Hanamkonda",Warangal,Telangana,506002,17.9960487,79.5508955
KFC ZirakPur Drive Thru,Franchisee,"Dhillon Silicon Square, Chandigarh-Ambala road, National Highway","Village- Singhpura,",Zirakpur,Punjab,140603,30.62473,76.824769
KFC Haldwani,Franchisee,,,,,,29.2420825,79.535107
Rohini 2,Franchisee,,,,,,28.7148646,77.1160921
KFC Sobha City Thrissur,,,,,,,10.550306,76.183407
